Workbook

Sheet Usage Guide
B1: Hướng Dẫn Sử Dụng Agile Tracker - Sport Booking WebApp
A3: Bước | B3: Thời điểm | C3: Sheet | D3: Cần cập nhật | E3: Cách sử dụng | F3: Kết quả mong đợi
A4: 1 | B4: Trước khi bắt đầu Sprint | C4: Product Backlog | D4: Priority, Target Sprint, Status, Owner, Story Points | E4: Chọn các hạng mục sẽ làm và chuyển sang Ready hoặc To Do. Các hạng mục chưa rõ yêu cầu/API thì giữ ở Backlog. | F4: Phạm vi Sprint rõ ràng, vừa sức và sẵn sàng thực hiện.
A5: 2 | B5: Lập kế hoạch Sprint | C5: Sprint Plan | D5: Start Date, End Date, Status, Planned SP | E5: Xác nhận mục tiêu Sprint, năng lực thực hiện và kịch bản demo. Không nhồi quá nhiều việc so với thời gian có thể làm. | F5: Sprint có mục tiêu rõ và có kết quả demo đo được.
A6: 3 | B6: Làm việc hằng ngày | C6: Sprint Board | D6: Status, Blocker, Next Action | E6: Dùng sheet này như bảng công việc chính. Chuyển task từ To Do sang In Progress, Review, Done hoặc Blocked. | F6: Trạng thái công việc hiện tại được nhìn thấy rõ.
A7: 4 | B7: Khi hoàn thành task | C7: Product Backlog + Sprint Board | D7: Status | E7: Chỉ đánh dấu Done sau khi đã kiểm tra backend/UI/thủ công theo Definition of Done. | F7: Các chỉ số trên Dashboard tự động cập nhật.
A8: 5 | B8: Trong quá trình phát triển | C8: Risks | D8: Impact, Probability, Mitigation, Status, Review Notes | E8: Ghi rủi ro càng sớm càng tốt. Rủi ro có mức độ nghiêm trọng cao cần được xem lại trước demo Sprint. | F8: Rủi ro được theo dõi trước khi biến thành blocker.
A9: 6 | B9: Trước buổi demo | C9: Demo Scripts | D9: Status | E9: Chạy đúng các bước demo đã ghi. Nếu flow bị lỗi, đánh dấu Blocked và ghi vấn đề vào notes/backlog. | F9: Kết quả demo rõ ràng và có thể lặp lại.
A10: 7 | B10: Trước khi deploy | C10: Release Checklist | D10: Status, Evidence / Link, Notes | E10: Hoàn thành các mục Must trước. Evidence có thể là API collection, URL deploy, kết quả test hoặc mục trong README. | F10: Bản demo production không phụ thuộc vào cấu hình local.
A11: 8 | B11: Cuối Sprint | C11: Dashboard | D11: Chỉ xem lại | E11: Kiểm tra số lượng backlog, task bị blocked, tiến độ release, rủi ro còn mở và trạng thái Sprint. | F11: Sprint review dựa trên dữ liệu thật, không dựa vào cảm tính.
B13: Nguyên tắc quan trọng | C13: Chi tiết | E13: Trạng thái thường dùng | F13: Ý nghĩa | G13: Khi nào dùng
B14: Không đánh dấu Done quá sớm | C14: Done nghĩa là code chạy được, API/UI đã được kiểm tra, quyền truy cập đã đúng và docs đã được cập nhật nếu cần. | E14: Backlog | F14: Chưa sẵn sàng hoặc chưa được chọn để làm | G14: Ý tưởng, phạm vi tương lai hoặc hạng mục chưa rõ
B15: Giữ trạng thái nhất quán | C15: Nếu một backlog item đã Done thì task liên quan trong Sprint Board cũng nên Done hoặc phải có lý do rõ ràng. | E15: Ready | F15: Đã đủ rõ để bắt đầu thực hiện | G15: Docs/API/acceptance criteria đã rõ
B16: Luôn nghĩ theo hướng production | C16: Tránh cấu hình chỉ chạy được ở localhost, hard-code secret hoặc thay đổi database thủ công không thể lặp lại. | E16: To Do | F16: Đã được chọn cho Sprint hiện tại | G16: Việc trong Sprint nhưng chưa bắt đầu
B17: Mỗi Sprint phải demo được | C17: Mỗi Sprint nên kết thúc bằng một flow thật có thể trình bày trên browser hoặc Postman. | E17: In Progress | F17: Đang được thực hiện | G17: Developer đang code hoặc kiểm thử
B18: Ưu tiên task nhỏ | C18: Nếu task lớn hơn 13 story points, nên tách thành backend, frontend, testing hoặc deployment task. | E18: Review | F18: Đã làm xong nhưng cần kiểm tra | G18: Đang chờ test/review/demo check
B19: Cập nhật rủi ro hằng tuần | C19: Rủi ro có severity cao cần có người phụ trách mitigation và hành động tiếp theo. | E19: Done | F19: Đạt Definition of Done | G19: Đã kiểm tra và có thể sử dụng
E20: Blocked | F20: Không thể tiếp tục nếu chưa xử lý vấn đề | G20: Cần quyết định, dependency hoặc sửa lỗi
B22: Phân biệt Product Backlog và Sprint Board
A24: Sheet | B24: Mục đích | C24: Phạm vi | D24: Ai dùng chính | E24: Cập nhật khi nào | F24: Ví dụ đúng
A25: Product Backlog | B25: Quản lý toàn bộ yêu cầu, feature, user story và technical item của cả dự án. | C25: Toàn dự án: việc đang làm, sắp làm và có thể làm sau. | D25: Product Owner, Developer | E25: Khi thêm yêu cầu mới, đổi ưu tiên, chọn việc cho Sprint hoặc hoàn tất một backlog item. | F25: PB-019: Implement booking creation with duplicate protection.
A26: Sprint Board | B26: Theo dõi các task cụ thể được tách ra từ backlog item trong Sprint. | C26: Sprint hiện tại hoặc task đang cần theo dõi hằng ngày. | D26: Developer, Tester | E26: Cập nhật hằng ngày khi task chuyển To Do, In Progress, Review, Done hoặc Blocked. | F26: SB-010 gắn Backlog ID = PB-019 để test duplicate booking.
B28: Cách dùng đúng theo quy trình Sprint
A30: Bước | B30: Việc cần làm | C30: Product Backlog | D30: Sprint Board | E30: Kết quả | F30: Lưu ý
A31: 1 | B31: Chuẩn bị Sprint | C31: Chọn item ưu tiên cao, gán Target Sprint, chuyển Status sang Ready. | D31: Chưa cần cập nhật hoặc chỉ tạo task nháp nếu chắc chắn. | E31: Biết Sprint sắp làm backlog item nào. | F31: Không chọn item chưa rõ acceptance criteria.
A32: 2 | B32: Sprint Planning | C32: Chốt item sẽ làm, có thể chuyển Status sang To Do. | D32: Tạo task cụ thể và điền Backlog ID tương ứng. | E32: Sprint có danh sách task rõ để bắt đầu. | F32: Một backlog item có thể có nhiều task.
A33: 3 | B33: Trong Sprint | C33: Ít thay đổi, chỉ cập nhật nếu phạm vi hoặc trạng thái tổng thể đổi. | D33: Cập nhật task hằng ngày: To Do, In Progress, Review, Done, Blocked. | E33: Nhìn được tiến độ thật và blocker. | F33: Không dùng Product Backlog thay cho board hằng ngày.
A34: 4 | B34: Khi task xong | C34: Chưa vội đánh dấu backlog item Done nếu các task liên quan chưa xong. | D34: Đánh dấu task Done sau khi kiểm tra xong phần việc đó. | E34: Sprint Board phản ánh tiến độ thật. | F34: Task Done chưa chắc backlog item đã Done.
A35: 5 | B35: Khi backlog item xong | C35: Đánh dấu Done sau khi toàn bộ flow/API/UI/test đạt Definition of Done. | D35: Các task liên quan nên Done hoặc có ghi chú rõ. | E35: Dashboard cập nhật số Done chính xác. | F35: Done theo giá trị sản phẩm, không chỉ theo số task.
A36: 6 | B36: Cuối Sprint | C36: Item chưa xong chuyển lại Backlog/Ready hoặc dời Target Sprint. | D36: Task chưa xong chuyển Blocked/Moved hoặc tạo lại ở Sprint sau. | E36: Sprint review và Sprint tiếp theo rõ ràng. | F36: Không để task treo mà không có quyết định.

Sheet Dashboard
A1: Sport Booking WebApp - Agile Project Dashboard
A3: Metric | B3: Value | D3: Sprint | E3: Goal | F3: Planned SP | G3: Status | H3: Demo
A4: Backlog Items | B4: =COUNTA('Product Backlog'!A2:A200) -> 36 | D4: ='Sprint Plan'!A2 -> Sprint 0 | E4: ='Sprint Plan'!B2 -> Project foundation and production skeleton | F4: ='Sprint Plan'!G2 -> 13 | G4: ='Sprint Plan'!H2 -> Done | H4: ='Sprint Plan'!F2 -> Backend/frontend run locally and health check works
A5: Done Items | B5: =COUNTIF('Product Backlog'!G2:G200,"Done") -> 6 | D5: ='Sprint Plan'!A3 -> Sprint 1 | E5: ='Sprint Plan'!B3 -> Database core and public browsing | F5: ='Sprint Plan'!G3 -> 32 | G5: ='Sprint Plan'!H3 -> Done | H5: ='Sprint Plan'!F3 -> Guest browses courts from PostgreSQL data
A6: In Progress Items | B6: =COUNTIF('Product Backlog'!G2:G200,"In Progress") -> 0 | D6: ='Sprint Plan'!A4 -> Sprint 2 | E6: ='Sprint Plan'!B4 -> Local auth, JWT, refresh token, and profile | F6: ='Sprint Plan'!G4 -> 37 | G6: ='Sprint Plan'!H4 -> Planned | H6: ='Sprint Plan'!F4 -> User registers, verifies, logs in, and views profile
A7: Blocked Items | B7: =COUNTIF('Product Backlog'!G2:G200,"Blocked") -> 0 | D7: ='Sprint Plan'!A5 -> Sprint 3 | E7: ='Sprint Plan'!B5 -> Vendor setup | F7: ='Sprint Plan'!G5 -> 42 | G7: ='Sprint Plan'!H5 -> Planned | H7: ='Sprint Plan'!F5 -> Vendor prepares a bookable court
A8: Release Checklist Done | B8: =COUNTIF('Release Checklist'!D2:D100,"Done")&"/"&COUNTA('Release Checklist'!A2:A100) -> 1/14 | D8: ='Sprint Plan'!A6 -> Sprint 4 | E8: ='Sprint Plan'!B6 -> Booking and cash payment MVP | F8: ='Sprint Plan'!G6 -> 47 | G8: ='Sprint Plan'!H6 -> Planned | H8: ='Sprint Plan'!F6 -> User books by cash and vendor marks paid
A9: Open Risks | B9: =COUNTIF(Risks!H2:H100,"Open") -> 7 | D9: ='Sprint Plan'!A7 -> Sprint 5 | E9: ='Sprint Plan'!B7 -> VNPAY sandbox payment | F9: ='Sprint Plan'!G7 -> 26 | G9: ='Sprint Plan'!H7 -> Planned | H9: ='Sprint Plan'!F7 -> User pays through VNPAY sandbox
D10: ='Sprint Plan'!A8 -> Sprint 6 | E10: ='Sprint Plan'!B8 -> Admin dashboard and moderation | F10: ='Sprint Plan'!G8 -> 34 | G10: ='Sprint Plan'!H8 -> Planned | H10: ='Sprint Plan'!F8 -> Admin moderates platform data
D11: ='Sprint Plan'!A9 -> Sprint 7 | E11: ='Sprint Plan'!B9 -> Google login and UX polish | F11: ='Sprint Plan'!G9 -> 21 | G11: ='Sprint Plan'!H9 -> Planned | H11: ='Sprint Plan'!F9 -> Google login and polished browsing flow
D12: ='Sprint Plan'!A10 -> Sprint 8 | E12: ='Sprint Plan'!B10 -> Production hardening and release | F12: ='Sprint Plan'!G10 -> 31 | G12: ='Sprint Plan'!H10 -> Planned | H12: ='Sprint Plan'!F10 -> Deployed production-like demo
A13: Release Milestone | B13: Included Through
A14: MVP Alpha | B14: Sprint 4 - public browsing, local auth, vendor setup, cash booking
A15: MVP Beta | B15: Sprint 6 - VNPAY sandbox, vendor booking, admin moderation
A16: MVP Production Demo | B16: Sprint 8 - deployment, demo data, README, smoke tests
A17: Current Focus | B17: Complete Sprint 0 before expanding scope
A18: Rule | B18: Working software over unfinished broad feature branches
A19: Next Review | B19: End of each sprint demo

Sheet Product Backlog
A1: ID | B1: Epic | C1: User Story / Task | D1: Role | E1: Priority | F1: Target Sprint | G1: Status | H1: Owner | I1: Story Points | J1: Acceptance Criteria | K1: Notes
A2: PB-001 | B2: Foundation | C2: Initialize Spring Boot backend project | D2: ADMIN | E2: Must | F2: Sprint 0 | G2: Done | H2: Developer | I2: 3 | J2: Backend starts locally and exposes health check
A3: PB-002 | B3: Foundation | C3: Initialize React frontend with Tailwind CSS | D3: Guest | E3: Must | F3: Sprint 0 | G3: Done | H3: Developer | I3: 3 | J3: Frontend starts locally at Vite dev URL
A4: PB-003 | B4: Foundation | C4: Configure PostgreSQL and migration tooling | D4: ADMIN | E4: Must | F4: Sprint 0 | G4: Done | H4: Developer | I4: 5 | J4: Migrations run successfully against PostgreSQL | K4: Prefer Flyway or Liquibase
A5: PB-004 | B5: Foundation | C5: Create README and environment examples | D5: ADMIN | E5: Must | F5: Sprint 0 | G5: Done | H5: Developer | I5: 2 | J5: New developer can run project from README
A6: PB-005 | B6: Public Browsing | C6: Create core entities and repositories | D6: Guest | E6: Must | F6: Sprint 1 | G6: Done | H6: Developer | I6: 8 | J6: Tables match docs 04 and app starts without JPA errors
A7: PB-006 | B7: Public Browsing | C7: Seed roles, sports, time slots, vendor, venues, and courts | D7: Guest | E7: Must | F7: Sprint 1 | G7: Done | H7: Developer | I7: 5 | J7: Demo data appears after migration/seed
A8: PB-007 | B8: Public Browsing | C8: Implement sports, venues, courts public APIs | D8: Guest | E8: Must | F8: Sprint 1 | G8: Review | H8: Developer | I8: 8 | J8: APIs match docs 05 and return DTOs
A9: PB-008 | B9: Public Browsing | C9: Build public court browsing pages | D9: Guest | E9: Must | F9: Sprint 1 | G9: Ready | H9: Developer | I9: 8 | J9: Guest can browse courts from real API data
A10: PB-009 | B10: Auth | C10: Implement local registration and email verification | D10: USER | E10: Must | F10: Sprint 2 | G10: Backlog | H10: Developer | I10: 8 | J10: Unverified local account cannot log in
A11: PB-010 | B11: Auth | C11: Implement login, JWT access token, refresh token rotation, logout | D11: USER | E11: Must | F11: Sprint 2 | G11: Backlog | H11: Developer | I11: 13 | J11: Tokens work and old refresh token is revoked
A12: PB-011 | B12: Auth | C12: Build login/register/profile frontend | D12: USER | E12: Must | F12: Sprint 2 | G12: Backlog | H12: Developer | I12: 8 | J12: User can complete auth flow in browser
A13: PB-012 | B13: Auth | C13: Implement avatar upload with shared storage service | D13: USER | E13: Must | F13: Sprint 2 | G13: Backlog | H13: Developer | I13: 5 | J13: Avatar URL is saved to users.avatar_url
A14: PB-013 | B14: Vendor Setup | C14: Implement vendor venue CRUD with ownership checks | D14: VENDOR | E14: Must | F14: Sprint 3 | G14: Backlog | H14: Developer | I14: 8 | J14: Vendor can manage only own venues
A15: PB-014 | B15: Vendor Setup | C15: Implement vendor court CRUD with ownership checks | D15: VENDOR | E15: Must | F15: Sprint 3 | G15: Backlog | H15: Developer | I15: 8 | J15: Vendor can manage only courts under own venues
A16: PB-015 | B16: Vendor Setup | C16: Implement venue and court image APIs | D16: VENDOR | E16: Must | F16: Sprint 3 | G16: Backlog | H16: Developer | I16: 8 | J16: sortOrder and primary image rules are transactional
... A30: PB-029 | B30: Admin | C30: Build admin dashboard pages | D30: ADMIN | E30: Must | F30: Sprint 6 | G30: Backlog | H30: Developer | I30: 13 | J30: Admin flow can be demonstrated in UI
A31: PB-030 | B31: Auth | C31: Implement Google login | D31: USER | E31: Should | F31: Sprint 7 | G31: Backlog | H31: Developer | I31: 8 | J31: Verified Google email can log in | K31: Clarify same-email local account behavior
A32: PB-031 | B32: UX | C32: Improve responsive UI and empty/error states | D32: Guest | E32: Should | F32: Sprint 7 | G32: Backlog | H32: Developer | I32: 8 | J32: Main pages work on desktop and mobile
A33: PB-032 | B33: UX | C33: Add court filters by sport, venue, date, and keyword | D33: Guest | E33: Should | F33: Sprint 7 | G33: Backlog | H33: Developer | I33: 5 | J33: Guest can narrow court list
A34: PB-033 | B34: Release | C34: Prepare production config and deployment | D34: ADMIN | E34: Must | F34: Sprint 8 | G34: Backlog | H34: DevOps | I34: 8 | J34: App deploys without localhost-only values
A35: PB-034 | B35: Release | C35: Create production demo seed data and demo accounts | D35: ADMIN | E35: Must | F35: Sprint 8 | G35: Backlog | H35: Developer | I35: 5 | J35: Demo environment has realistic data
A36: PB-035 | B36: Release | C36: Add focused automated tests for risky logic | D36: ADMIN | E36: Should | F36: Sprint 8 | G36: Backlog | H36: Tester | I36: 13 | J36: Auth, booking, ownership, image, payment rules are covered
A37: PB-036 | B37: Release | C37: Finalize README, API notes, and smoke test checklist | D37: ADMIN | E37: Must | F37: Sprint 8 | G37: Backlog | H37: Developer | I37: 5 | J37: Project is portfolio-ready

Sheet Sprint Plan
A1: Sprint | B1: Goal | C1: Start Date | D1: End Date | E1: Main Scope | F1: Demo Scenario | G1: Planned SP | H1: Status
A2: Sprint 0 | B2: Project foundation and production skeleton | C2: 46163 | D2: 46164 | E2: Backend, frontend, PostgreSQL, migrations, health check, README | F2: Backend/frontend run locally and health check works | G2: 13 | H2: Done
A3: Sprint 1 | B3: Database core and public browsing | C3: 46164 | D3: 46165 | E3: Entities, seed data, public sports/venues/courts APIs, public UI | F3: Guest browses courts from PostgreSQL data | G3: 32 | H3: Done
A4: Sprint 2 | B4: Local auth, JWT, refresh token, and profile | E4: Register, verify email, login, refresh, logout, profile, avatar | F4: User registers, verifies, logs in, and views profile | G4: 37 | H4: Planned
A5: Sprint 3 | B5: Vendor setup | E5: Vendor venues, courts, images, court time slots | F5: Vendor prepares a bookable court | G5: 42 | H5: Planned
A6: Sprint 4 | B6: Booking and cash payment MVP | E6: Available slots, booking, user history, vendor booking, cash payment | F6: User books by cash and vendor marks paid | G6: 47 | H6: Planned
A7: Sprint 5 | B7: VNPAY sandbox payment | E7: VNPAY payment URL, return, IPN, payment result UI | F7: User pays through VNPAY sandbox | G7: 26 | H7: Planned
A8: Sprint 6 | B8: Admin dashboard and moderation | E8: Sports, users/vendors, venues, courts, bookings admin UI | F8: Admin moderates platform data | G8: 34 | H8: Planned
A9: Sprint 7 | B9: Google login and UX polish | E9: Google login, responsive UI, filters, dashboard statistics | F9: Google login and polished browsing flow | G9: 21 | H9: Planned
A10: Sprint 8 | B10: Production hardening and release | E10: Prod config, seed demo data, tests, README, deployment | F10: Deployed production-like demo | G10: 31 | H10: Planned

Sheet Sprint Board
A1: ID | B1: Sprint | C1: Task | D1: Type | E1: Priority | F1: Status | G1: Assignee | H1: Owner | I1: SP | J1: Blocker | K1: Next Action | L1: Backlog ID | M1: Note | N1: Link
A2: SB-001 | B2: Sprint 0 | C2: Create backend project and package structure | D2: Backend | E2: Must | F2: Done | G2: Dương Quốc Hiếu | H2: Developer | I2: 3 | K2: Generate Spring Boot project | L2: PB-001 | N2: Pull Request #2
A3: SB-011 | B3: Sprint 0 | C3: Define backend package structure by module | D3: Backend | E3: Must | F3: Done | G3: Dương Quốc Hiếu | H3: Developer | I3: 2 | K3: Create packages for auth, user, sport, venue, court, booking, payment, common | L3: PB-001 | N3: Pull Request #2
A4: SB-012 | B4: Sprint 0 | C4: Add health check controller | D4: Backend | E4: Must | F4: Done | G4: Dương Quốc Hiếu | H4: Developer | I4: 1 | K4: Implement GET /api/health | L4: PB-001 | N4: Pull Request #2
A5: SB-013 | B5: Sprint 0 | C5: Configure backend application profiles | D5: Backend | E5: Must | F5: Done | G5: Dương Quốc Hiếu | H5: Developer | I5: 2 | K5: Create local and production-ready config structure | L5: PB-001 | N5: Pull Request #2
A6: SB-002 | B6: Sprint 0 | C6: Create frontend project with Tailwind CSS | D6: Frontend | E6: Must | F6: Done | G6: Dương Quốc Hiếu | H6: Developer | I6: 3 | K6: Create React app | L6: PB-002 | N6: https://github.com/dqhieuse/sport_booking_webapp/commit/01c38b7f05e22696d4da7daecdea6255d82aa7ef
A7: SB-014 | B7: Sprint 0 | C7: Configure React router and base layout | D7: Frontend | E7: Must | F7: Done | G7: Dương Quốc Hiếu | H7: Developer | I7: 2 | K7: Create route skeleton and default layout | L7: PB-002 | N7: https://github.com/dqhieuse/sport_booking_webapp/commit/1dc61b5806dd82d6278b16a77a670b1f2fafabaf
A8: SB-015 | B8: Sprint 0 | C8: Configure Tailwind base theme | D8: Frontend | E8: Must | F8: Done | G8: Dương Quốc Hiếu | H8: Developer | I8: 1 | K8: Set global styles and reusable layout classes | L8: PB-002 | N8: https://github.com/dqhieuse/sport_booking_webapp/commit/68c7c7265f0f6bc84cbeba6ad132d0d5319c64a5
A9: SB-016 | B9: Sprint 0 | C9: Create Axios API client skeleton | D9: Frontend | E9: Must | F9: Done | G9: Dương Quốc Hiếu | H9: Developer | I9: 2 | K9: Add baseURL from environment variable | L9: PB-002 | N9: https://github.com/dqhieuse/sport_booking_webapp/commit/e7f1cb3884c70e2631e7a305d47345e81d2386d5
A10: SB-003 | B10: Sprint 0 | C10: Configure PostgreSQL and migrations | D10: Database | E10: Must | F10: Done | G10: Dương Quốc Hiếu | H10: Developer | I10: 5 | K10: Choose Flyway or Liquibase | L10: PB-003 | N10: https://github.com/dqhieuse/sport_booking_webapp/commit/9ea6710c55bd5d75ce992ff74a9f8bc98e625ef7
A11: SB-017 | B11: Sprint 0 | C11: Choose and configure migration tool | D11: Database | E11: Must | F11: Done | G11: Dương Quốc Hiếu | H11: Developer | I11: 2 | K11: Add Flyway or Liquibase dependency and config | L11: PB-003 | N11: https://github.com/dqhieuse/sport_booking_webapp/commit/9ea6710c55bd5d75ce992ff74a9f8bc98e625ef7
A12: SB-018 | B12: Sprint 0 | C12: Create initial database connection config | D12: Database | E12: Must | F12: Done | G12: Dương Quốc Hiếu | H12: Developer | I12: 2 | K12: Use env variables for DB URL, username and password | L12: PB-003 | N12: https://github.com/dqhieuse/sport_booking_webapp/commit/9ea6710c55bd5d75ce992ff74a9f8bc98e625ef7
A13: SB-019 | B13: Sprint 0 | C13: Verify clean database startup | D13: Test | E13: Must | F13: Done | G13: Dương Quốc Hiếu | H13: Tester | I13: 1 | K13: Run backend against empty PostgreSQL database | L13: PB-003 | N13: https://github.com/dqhieuse/sport_booking_webapp/commit/9ea6710c55bd5d75ce992ff74a9f8bc98e625ef7
... A24: SB-029 | B24: Sprint 1 | C24: Seed demo vendor, venues and courts | D24: Database | E24: Must | F24: Done | G24: Dương Quốc Hiếu | H24: Developer | I24: 3 | K24: Add realistic data for public browsing demo | L24: PB-006 | N24: https://github.com/dqhieuse/sport_booking_webapp/commit/7c28081b592376b5f114320c4b2b97ab7aaafcf5
A25: SB-005 | B25: Sprint 1 | C25: Implement public sports APIs | D25: Backend | E25: Must | F25: Done | G25: Dương Quốc Hiếu | H25: Developer | I25: 3 | K25: Start after migrations | L25: PB-007 | M25: SB-030 covered by SB-005 commit | N25: https://github.com/dqhieuse/sport_booking_webapp/commit/e970e163b1498ea48bb2a978c79ec2acc64e7493
A26: SB-006 | B26: Sprint 1 | C26: Implement venue and court list/detail APIs | D26: Backend | E26: Must | F26: Done | G26: Dương Quốc Hiếu | H26: Developer | I26: 8 | K26: Use DTOs | L26: PB-007 | M26: SB-031, SB-032 covered by SB-006 commit | N26: https://github.com/dqhieuse/sport_booking_webapp/commit/e94d389dd5612f0c5334dca9f1a32a2ebfc7b484
A27: SB-030 | B27: Sprint 1 | C27: Create sport response DTOs and service | D27: Backend | E27: Must | F27: Done | G27: Dương Quốc Hiếu | H27: Developer | I27: 2 | K27: Return only necessary sport fields | L27: PB-007 | N27: https://github.com/dqhieuse/sport_booking_webapp/commit/e970e163b1498ea48bb2a978c79ec2acc64e7493
A28: SB-031 | B28: Sprint 1 | C28: Create venue list/detail DTOs and service | D28: Backend | E28: Must | F28: Done | G28: Dương Quốc Hiếu | H28: Developer | I28: 3 | K28: Include primaryImageUrl in detail response | L28: PB-007 | N28: https://github.com/dqhieuse/sport_booking_webapp/commit/505a5b2f4106a5681a9ae6920cd5f6778a43d28d
A29: SB-032 | B29: Sprint 1 | C29: Create court list/detail DTOs and service | D29: Backend | E29: Must | F29: Done | G29: Dương Quốc Hiếu | H29: Developer | I29: 3 | K29: Include sport, venue and primaryImageUrl | L29: PB-007 | N29: https://github.com/dqhieuse/sport_booking_webapp/commit/6517f94dc54d956f2018cd3c7d5b40d10c88a7b4
A30: SB-033 | B30: Sprint 1 | C30: Add public gallery APIs | D30: Backend | E30: Must | F30: Done | G30: Dương Quốc Hiếu | H30: Developer | I30: 2 | K30: Implement venue and court image list APIs | L30: PB-007 | N30: https://github.com/dqhieuse/sport_booking_webapp/commit/8450c708a287d7cceee8b9bbb48f2c7408861838
A31: SB-007 | B31: Sprint 1 | C31: Build court list and detail pages | D31: Frontend | E31: Must | F31: Done | G31: Dương Quốc Hiếu | H31: Developer | I31: 8 | K31: Connect to Axios client | L31: PB-008 | N31: https://github.com/dqhieuse/sport_booking_webapp/commit/e56525bdc2a817c2e3725ffb2161949b3d2e3bd0
A32: SB-034 | B32: Sprint 1 | C32: Create public home/discovery page | D32: Frontend | E32: Must | F32: Done | G32: Dương Quốc Hiếu | H32: Developer | I32: 3 | K32: Show featured sports or courts from API | L32: PB-008 | N32: https://github.com/dqhieuse/sport_booking_webapp/commit/f3874dedaafd79fa41468d446b09b3fcd230fcd8
A33: SB-035 | B33: Sprint 1 | C33: Create court list page | D33: Frontend | E33: Must | F33: Done | G33: Dương Quốc Hiếu | H33: Developer | I33: 3 | K33: Render courts from GET /courts | L33: PB-008 | N33: https://github.com/dqhieuse/sport_booking_webapp/commit/8bfc111035aaeb6c025965253ca1464c2e08cf13
A34: SB-036 | B34: Sprint 1 | C34: Create court detail page | D34: Frontend | E34: Must | F34: Done | G34: Dương Quốc Hiếu | H34: Developer | I34: 3 | K34: Render court detail and image gallery link | L34: PB-008 | N34: https://github.com/dqhieuse/sport_booking_webapp/commit/7bc4b76e12b9605a57605e02dad7bdf814952e71
A35: SB-037 | B35: Sprint 1 | C35: Handle public browsing loading and error states | D35: Frontend | E35: Must | F35: Done | G35: Dương Quốc Hiếu | H35: Developer | I35: 2 | K35: Show loading, empty and error UI | L35: PB-008 | N35: https://github.com/dqhieuse/sport_booking_webapp/commit/112c524ea170bd378a723c8489e3022b4ac2505a
A36: SB-038 | B36: Sprint 2 | C36: Create email verification token entity and repository | D36: Database | E36: Must | F36: Backlog | H36: Developer | I36: 3 | K36: Map email_verification_tokens table | L36: PB-009
A37: SB-039 | B37: Sprint 2 | C37: Implement register local account API | D37: Backend | E37: Must | F37: Backlog | H37: Developer | I37: 5 | K37: Create USER with PENDING_VERIFICATION | L37: PB-009
A38: SB-040 | B38: Sprint 2 | C38: Implement verify email API | D38: Backend | E38: Must | F38: Backlog | H38: Developer | I38: 3 | K38: Activate account when valid token is used | L38: PB-009
A39: SB-041 | B39: Sprint 2 | C39: Implement resend verification API | D39: Backend | E39: Must | F39: Backlog | H39: Developer | I39: 2 | K39: Generate new token when account is not verified | L39: PB-009
A40: SB-008 | B40: Sprint 2 | C40: Implement auth security config | D40: Backend | E40: Must | F40: Backlog | H40: Developer | I40: 8 | K40: Define route permissions | L40: PB-010
A41: SB-009 | B41: Sprint 2 | C41: Implement token refresh flow in Axios | D41: Frontend | E41: Must | F41: Backlog | H41: Developer | I41: 5 | K41: Add interceptor | L41: PB-010
A42: SB-042 | B42: Sprint 2 | C42: Create refresh token entity and repository | D42: Database | E42: Must | F42: Backlog | H42: Developer | I42: 3 | K42: Store refresh token hash only | L42: PB-010
A43: SB-043 | B43: Sprint 2 | C43: Implement JWT access token service | D43: Backend | E43: Must | F43: Backlog | H43: Developer | I43: 5 | K43: Generate and validate access tokens | L43: PB-010
A44: SB-044 | B44: Sprint 2 | C44: Implement login API with email or phone | D44: Backend | E44: Must | F44: Backlog | H44: Developer | I44: 5 | K44: Block unverified local accounts | L44: PB-010
A45: SB-045 | B45: Sprint 2 | C45: Implement refresh token rotation | D45: Backend | E45: Must | F45: Backlog | H45: Developer | I45: 5 | K45: Revoke old refresh token and issue new token | L45: PB-010
A46: SB-046 | B46: Sprint 2 | C46: Implement logout API | D46: Backend | E46: Must | F46: Backlog | H46: Developer | I46: 2 | K46: Revoke submitted refresh token | L46: PB-010
A47: SB-047 | B47: Sprint 2 | C47: Build register page | D47: Frontend | E47: Must | F47: Backlog | H47: Developer | I47: 3 | K47: Call POST /auth/register and show verification message | L47: PB-011
... A135: SB-134 | B135: Sprint 8 | C135: Create production smoke test checklist | D135: Docs | E135: Must | F135: Backlog | H135: Tester | I135: 2 | K135: Document browse, login, booking, vendor and admin checks | L135: PB-036

Sheet Release Checklist
A1: Area | B1: Checklist Item | C1: Priority | D1: Status | E1: Evidence / Link | F1: Notes
A2: Configuration | B2: All secrets are environment variables | C2: Must | D2: Done | F2: JWT, DB, Google, VNPAY, storage
A3: Database | B3: Migrations run from clean database | C3: Must | D3: Not Started | F3: No manual table creation
A4: Database | B4: Demo seed data exists | C4: Must | D4: Not Started | F4: Admin, vendor, user, sports, venues, courts
A5: Security | B5: Protected APIs reject missing/invalid token | C5: Must | D5: Not Started
A6: Security | B6: Role-based routes are enforced in backend | C6: Must | D6: Not Started
A7: Security | B7: Vendor ownership checks are verified | C7: Must | D7: Not Started
A8: Auth | B8: Refresh token rotation works | C8: Must | D8: Not Started
A9: Booking | B9: Duplicate booking is blocked | C9: Must | D9: Not Started
A10: Payment | B10: VNPAY invalid signature is rejected | C10: Must | D10: Not Started
A11: Frontend | B11: Production build succeeds | C11: Must | D11: Not Started
A12: Frontend | B12: Frontend uses deployed backend URL | C12: Must | D12: Not Started
A13: Docs | B13: README has local and production run instructions | C13: Must | D13: Not Started
A14: Demo | B14: Smoke test script passes on deployed app | C14: Must | D14: Not Started
A15: Observability | B15: Backend logs are useful for demo debugging | C15: Should | D15: Not Started

Sheet Risks
A1: ID | B1: Risk | C1: Impact (1-5) | D1: Probability (1-5) | E1: Severity | F1: Mitigation | G1: Owner | H1: Status | I1: Review Notes
A2: R-001 | B2: Frontend is built too late, making demo weak | C2: 4 | D2: 4 | E2: =C2*D2 -> 16 | F2: Build UI together with each vertical slice | G2: Product Owner | H2: Open
A3: R-002 | B3: VNPAY takes longer than expected | C3: 4 | D3: 3 | E3: =C3*D3 -> 12 | F3: Finish CASH_AT_COURT booking before VNPAY | G3: Developer | H3: Open
A4: R-003 | B4: Auth scope becomes too complex | C4: 5 | D4: 3 | E4: =C4*D4 -> 15 | F4: Finish local auth first, then Google login | G4: Developer | H4: Open
A5: R-004 | B5: Image storage complicates deployment | C5: 3 | D5: 3 | E5: =C5*D5 -> 9 | F5: Use storage abstraction and start simple | G5: Developer | H5: Open
A6: R-005 | B6: No migration strategy causes deployment issues | C6: 5 | D6: 2 | E6: =C6*D6 -> 10 | F6: Use Flyway or Liquibase from Sprint 0 | G6: Developer | H6: Open
A7: R-006 | B7: Weak seed data makes demo look empty | C7: 3 | D7: 4 | E7: =C7*D7 -> 12 | F7: Prepare realistic demo venues, courts, slots, bookings | G7: Product Owner | H7: Open
A8: R-007 | B8: Missing ownership checks exposes vendor data | C8: 5 | D8: 3 | E8: =C8*D8 -> 15 | F8: Put checks in service layer and test them | G8: Tester | H8: Open

Sheet Demo Scripts
A1: Flow | B1: Actor | C1: Sprint | D1: Steps | E1: Expected Result | F1: Status
A2: Public browsing | B2: Guest | C2: Sprint 1 | D2: Open app > view sports > open court list > open court detail | E2: Guest sees real court data and primary images | F2: Not Started
A3: Local auth | B3: USER | C3: Sprint 2 | D3: Register > verify email > login > open profile > logout | E3: User receives tokens and protected profile loads | F3: Not Started
A4: Vendor court setup | B4: VENDOR | C4: Sprint 3 | D4: Login as vendor > create venue > create court > upload image > enable slots | E4: Court becomes bookable | F4: Not Started
A5: Cash booking | B5: USER/VENDOR | C5: Sprint 4 | D5: User books CASH_AT_COURT > vendor confirms > vendor marks cash paid | E5: Booking and payment statuses update correctly | F5: Not Started
A6: VNPAY payment | B6: USER | C6: Sprint 5 | D6: User books with VNPAY > completes sandbox payment > returns to app | E6: Payment status becomes PAID | F6: Not Started
A7: Admin moderation | B7: ADMIN | C7: Sprint 6 | D7: Login as admin > manage sport > inspect users > moderate court/booking | E7: Admin can manage platform data | F7: Not Started
A8: Production smoke test | B8: All | C8: Sprint 8 | D8: Run core flow on deployed URL | E8: Demo environment works without localhost assumptions | F8: Not Started

Sheet Lookups
A1: Status | B1: Priority | C1: Owner | D1: Role | E1: Type | F1: Sprint Status | G1: Release Status | H1: Risk Status | I1: Members
A2: Backlog | B2: Must | C2: Developer | D2: Guest | E2: Backend | F2: Not Started | G2: Not Started | H2: Open | I2: Dương Quốc Hiếu
A3: Ready | B3: Should | C3: Product Owner | D3: USER | E3: Frontend | F3: Planned | G3: In Progress | H3: Monitoring
A4: To Do | B4: Could | C4: Tester | D4: VENDOR | E4: Database | F4: In Progress | G4: Done | H4: Mitigated
A5: In Progress | B5: Won't | C5: Designer | D5: ADMIN | E5: Test | F5: Done | G5: Blocked | H5: Closed
A6: Review | C6: DevOps | E6: Docs | F6: At Risk | G6: Deferred | H6: Accepted
A7: Done | E7: Deployment | F7: Moved | G7: N/A
A8: Blocked
